<ui>
  <menubar>
    <menu action="File">
      <menu action="OpenDataMenu">
	<menuitem action="OpenData"/>
	<menuitem action="DisplayDataFiles"/>
	<separator/>
	<placeholder name="RecentData"/>
      </menu>
      <menuitem action="AppendData"/>
      <menuitem action="SaveData"/>
      <menuitem action="SaveDataAs"/>
      <menuitem action="ExportData"/>
      <menuitem action="MailData"/>
      <menuitem action="NewData"/>
      <menuitem action="ClearData"/>
      <separator/>
      <menuitem action="WorkingDir"/>
      <separator/>
      <menu action="ScriptFiles">
	<menuitem action="OpenScript"/>
	<menuitem action="DisplayScripts"/>
	<menu action="NewScript">
	  <menuitem action="GretlScript"/>
	  <menuitem action="GnuplotScript"/>
	  <menuitem action="RScript"/>
          <menuitem action="OctaveScript"/>
          <menuitem action="PyScript"/>
	  <menuitem action="JuliaScript"/>
	  <menuitem action="OxScript"/>
	  <menuitem action="StataScript"/>
	</menu>
	<separator/>
	<placeholder name="RecentScripts"/>
      </menu>
      <menu action="SessionFiles">
	<menuitem action="OpenSession"/>
	<menuitem action="SaveSession"/>
	<menuitem action="SaveSessionAs"/>
	<separator/>
	<placeholder name="RecentSessions"/>
      </menu>
      <menu action="Databases">
	<menuitem action="NativeDB"/>
	<menuitem action="RATSDB"/>
	<menuitem action="PcGiveDB"/>
	<menuitem action="RemoteDB"/>
	<menu action="DBnomics">
	  <menuitem action="DBNbrowse"/>
	  <menuitem action="DBNseries"/>
	</menu>
      </menu>
      <menu action="Packages">
	<menuitem action="LocalGfn"/>
	<menuitem action="RemoteGfn"/>
	<separator/>
	<menuitem action="EditGfn"/>
	<menuitem action="NewGfn"/>
	<menuitem action="UploadGfn"/>
	<menuitem action="EditSpec"/>
	<separator/>
	<placeholder name="RecentGfns"/>
      </menu>
      <separator/>
      <menuitem action="Quit"/>
    </menu>
    <menu action="Tools">
      <menu action="Preferences">
	<menuitem action="PrefsGeneral"/>
	<menuitem action="FontScale"/>
	<menuitem action="FixedFont"/>
      </menu>
      <separator/>
      <menuitem action="StatsTables"/>
      <menuitem action="PValues"/>
      <menuitem action="DistGraphs"/>
      <menuitem action="PlotCurve"/>
      <menuitem action="TestStats"/>
      <menuitem action="NonparamTests"/>
      <menuitem action="SetSeed"/>
      <separator/>
      <menuitem action="CommandLog"/>
      <menuitem action="ShowConsole"/>
      <menuitem action="Gnuplot"/>
      <menuitem action="StartR"/>
      <separator/>
      <menu action="NistTest">
	<menuitem action="NistBasic"/>
	<menuitem action="NistVerbose"/>
	<menuitem action="NistVVerbose"/>
      </menu>
    </menu>
    <menu action="Data">
      <menuitem action="DataSelectAll"/>
      <menuitem action="VarFind"/>
      <separator/>
      <menuitem action="DefineList"/>
      <menuitem action="SelectList"/>
      <separator/>
      <menuitem action="DisplayValues"/>
      <menuitem action="EditValues"/>
      <menuitem action="AddObs"/>
      <menuitem action="RemoveObs"/>
      <separator/>
      <menuitem action="DataInfo"/>
      <menuitem action="DataMarkers"/>
      <menuitem action="VarLabels"/>
      <separator/>
      <menuitem action="DataStructure"/>
      <menuitem action="DataCompact"/>
      <menuitem action="DataExpand"/>
      <menuitem action="DataTranspose"/>
      <menuitem action="DataSort"/>
      <separator/>
      <menuitem action="GSETMISS"/>
      <menuitem action="CountMissing"/>
    </menu>
    <menu action="View">
      <menuitem action="IconView"/>
      <separator/>
      <menu action="GraphVars">
	<menuitem action="TSPlot"/>
	<menuitem action="ScatterPlot"/>
	<menuitem action="ImpulsePlot"/>
	<menuitem action="FactorPlot"/>
	<menuitem action="FrischPlot"/>
	<menuitem action="GR_BOX"/>
	<menuitem action="GR_FBOX"/>
	<menuitem action="GR_QQ"/>
	<menuitem action="ThreeDPlot"/>
      </menu>
      <menu action="MultiPlots">
	<menuitem action="MultiXY"/>
	<menuitem action="MultiTS"/>
      </menu>
      <separator/>
      <menuitem action="summary"/>
      <menuitem action="corr"/>
      <menuitem action="xtab"/>
      <menuitem action="pca"/>
      <menuitem action="mahal"/>
      <menuitem action="xcorrgm"/>
    </menu>
    <menu action="Add">
      <menuitem action="logs"/>
      <menuitem action="square"/>
      <menuitem action="lags"/>
      <menuitem action="diff"/>
      <menuitem action="ldiff"/>
      <menuitem action="sdiff"/>
      <menuitem action="pcdiff"/>
      <menuitem action="idxvals"/>
      <separator/>
      <menuitem action="AddIndex"/>
      <menuitem action="AddTime"/>
      <menuitem action="AddUnit"/>
      <separator/>
      <menuitem action="AddRandom"/>
      <separator/>
      <menuitem action="PeriodDums"/>
      <menuitem action="UnitDums"/>
      <menuitem action="TimeDums"/>
      <menuitem action="RangeDum"/>
      <menuitem action="dummify"/>
      <separator/>
      <menuitem action="GENR"/>
      <menuitem action="NewMatrix"/>
    </menu>
    <menu action="Sample">
      <menuitem action="SMPL"/>
      <menuitem action="FullRange"/>
       <separator/>
      <menuitem action="SMPLBOOL"/>
      <menuitem action="SMPLRAND"/>
      <menuitem action="SampleWReplace"/>
      <menuitem action="DropMissing"/>
      <menuitem action="PermaSample"/>
      <separator/>
      <menuitem action="ShowSample"/>
    </menu>
    <menu action="Variable">
      <menuitem action="VarDisplay"/>
      <menuitem action="EditAttrs"/>
      <menuitem action="VSETMISS"/>
      <menuitem action="VarSummary"/>
      <menuitem action="normtest"/>
      <menuitem action="FreqDist"/>
      <menuitem action="Density"/>
      <menuitem action="boxplot"/>
      <menuitem action="qqplot"/>
      <menuitem action="Gini"/>
      <menuitem action="rmplot"/>
      <separator/>
      <menuitem action="VarTSPlot"/>
      <menuitem action="PanPlot"/>
      <menu action="URTests">
	<menuitem action="adf"/>
	<menuitem action="dfgls"/>
	<menuitem action="kpss"/>
	<menuitem action="levinlin"/>
	<menuitem action="fractint"/>
      </menu>
      <menuitem action="corrgm"/>
      <menuitem action="pergm"/>
      <menu action="Filter">
	<menuitem action="FilterSMA"/>
	<menuitem action="FilterEMA"/>
	<menuitem action="FilterHP"/>
	<menuitem action="FilterBK"/>
	<menuitem action="FilterBW"/>
	<menuitem action="FilterPoly"/>
	<menuitem action="FilterFD"/>
      </menu>
      <placeholder action="X12A"/>
      <placeholder action="Tramo"/>
      <menuitem action="Hurst"/>
    </menu>
    <menu action="Model">
      <menuitem action="ols"/>
      <menu action="ivreg">
	<menuitem action="tsls"/>
	<menuitem action="iv-liml"/>
	<menuitem action="iv-gmm"/>
      </menu>
      <menu action="LinearModels">
	<menuitem action="wls"/>
	<menuitem action="hsk"/>
	<menuitem action="mpols"/>
        <menuitem action="anova"/>
      </menu>
      <menu action="LimdepModels">
	<menu action="logit">
	  <menuitem action="blogit"/>
	  <menuitem action="ologit"/>
	  <menuitem action="mlogit"/>
	</menu>
	<menu action="probit">
	  <menuitem action="bprobit"/>
	  <menuitem action="oprobit"/>
	  <menuitem action="biprobit"/>
	  <menuitem action="reprobit"/>
	</menu>
	<menuitem action="tobit"/>
	<menuitem action="heckit"/>
	<menuitem action="countmod"/>
	<menuitem action="duration"/>
	<menuitem action="logistic"/>
	<menuitem action="intreg"/>
      </menu>
      <menu action="TSModels">
	<menuitem action="arima"/>
	<menuitem action="garch"/>
	<menuitem action="midasreg"/>
	<menu action="AR-GLS">
	  <menuitem action="ar1"/>
	  <menuitem action="ar"/>
	</menu>
	<menu action="TSMulti">
	  <menuitem action="var"/>
	  <menuitem action="VLAGSEL"/>
	  <menuitem action="vecm"/>
	  <menuitem action="coint2"/>
	  <menuitem action="coint"/>
	</menu>
      </menu>
      <menu action="PanelModels">
	<menuitem action="panel"/>
	<menuitem action="PANEL_WLS"/>
	<menuitem action="PANEL_B"/>
	<menuitem action="dpanel"/>
      </menu>
      <menu action="RobustModels">
	<menuitem action="lad"/>
	<menuitem action="quantreg"/>
	<menuitem action="loess"/>
	<menuitem action="nadarwat"/>
      </menu>
      <menuitem action="nls"/>
      <menuitem action="mle"/>
      <menuitem action="gmm"/>
      <menuitem action="system"/>
    </menu>
    <menu action="Help">
      <menuitem action="TextCmdRef"/>
      <menuitem action="FuncRef"/>
      <menuitem action="PkgHelp"/>
      <separator/>
      <menuitem action="UserGuide"/>
      <menuitem action="PDFCmdRef"/>
      <menuitem action="KbdRef"/>
      <menuitem action="Primer"/>
      <menuitem action="Pkgbook"/>
      <menuitem action="gretlMPI"/>
      <menuitem action="gretlSVM"/>
      <separator/>
      <menuitem action="UpdateCheck"/>
      <menuitem action="SFAddons"/>
      <menuitem action="About"/>
    </menu>
  </menubar>
</ui>
